13,32,1,2,[3]
22,121,2,11,[2]
23,1232,3,132,[2]
33,132,3,12,[3]
33,231,3,21,[3]
101,202,11,22,[0]
101,303,11,33,[0]
101,11003,1,103,"[0, 1]"
101,21002,1,202,"[0, 1]"
101,31001,1,301,"[0, 1]"
102,1203,2,23,"[0, 1]"
102,13002,2,302,"[0, 1]"
103,1302,1,12,"[0, 3]"
103,23102,1,212,"[0, 3]"
111,2103,11,203,[1]
111,3102,11,302,[1]
111,10101,11,1001,[1]
112,313,12,33,[1]
112,2122,12,222,[1]
112,10132,12,1032,[1]
113,232,11,22,[3]
113,3212,1,22,"[1, 3]"
121,1023,1,03,"[1, 2]"
121,2112,1,12,"[1, 2]"
122,213,2,3,"[1, 2]"
122,1123,2,13,"[1, 2]"
122,2312,2,32,"[1, 2]"
122,11321,2,131,"[1, 2]"
122,23211,2,321,"[1, 2]"
123,13023,3,303,"[1, 2]"
123,13212,3,312,"[1, 2]"
131,322,11,22,[3]
132,231,12,21,[3]
132,1232,3,23,"[1, 2]"
132,12232,3,223,"[1, 2]"
132,21213,2,221,"[1, 3]"
133,332,1,2,"[3, 3]"
133,332,13,32,[3]
133,1131,13,111,[3]
133,2322,13,222,[3]
133,10312,13,1012,[3]
133,12302,13,1202,[3]
201,1002,21,102,[0]
201,1203,21,123,[0]
201,3012,21,312,[0]
201,11022,21,1122,[0]
201,13032,21,1332,[0]
202,303,22,33,[0]
202,10201,2,101,"[0, 2]"
202,12013,2,113,"[0, 2]"
202,22012,2,212,"[0, 2]"
202,32011,2,311,"[0, 2]"
203,1012,23,112,[0]
211,1022,1,02,"[1, 2]"
212,321,2,3,"[1, 2]"
212,22012,2,202,"[1, 2]"
213,1032,21,102,[3]
213,1123,3,13,"[1, 2]"
213,2312,3,32,"[1, 2]"
213,11321,3,131,"[1, 2]"
213,12012,13,1012,[2]
213,23211,3,321,"[1, 2]"
213,31122,1,112,"[2, 3]"
221,1102,2,10,"[1, 2]"
221,12122,21,1122,[2]
221,32012,21,3012,[2]
222,1221,2,11,"[2, 2]"
222,1221,22,121,[2]
222,3213,22,313,[2]
222,10212,22,1012,[2]
222,11211,22,1111,[2]
222,13203,22,1303,[2]
222,20202,22,2002,[2]
222,21201,22,2101,[2]
223,10231,23,1031,[2]
223,12232,3,132,"[2, 2]"
223,12232,23,1232,[2]
223,20233,23,2033,[2]
223,32302,2,230,"[2, 3]"
223,32302,23,3302,[2]
231,1122,3,12,"[1, 2]"
231,10323,2,032,"[1, 3]"
232,12013,2,101,"[2, 3]"
233,1132,23,112,[3]
233,2031,23,201,[3]
233,3223,2,22,"[3, 3]"
301,1202,31,122,[0]
301,2103,31,213,[0]
301,31001,1,101,"[0, 3]"
302,3201,2,21,"[0, 3]"
302,13002,2,102,"[0, 3]"
303,10302,3,102,"[0, 3]"
303,13023,3,123,"[0, 3]"
303,20301,3,201,"[0, 3]"
303,23022,3,222,"[0, 3]"
303,33021,3,321,"[0, 3]"
311,20102,31,2002,[1]
312,2013,32,203,[1]
313,1232,31,122,[3]
313,2122,33,222,[1]
313,10132,33,1032,[1]
321,1302,21,102,[3]
321,20322,1,022,"[2, 3]"
321,22012,3,202,"[1, 2]"
322,12112,3,111,"[2, 2]"
323,1312,23,112,[3]
323,2301,23,201,[3]
323,12131,3,111,"[2, 3]"
331,1322,31,122,[3]
331,2313,31,213,[3]
331,10301,31,1001,[3]
332,1131,32,111,[3]
332,2322,32,222,[3]
332,10312,32,1012,[3]
332,12302,32,1202,[3]
333,1332,3,12,"[3, 3]"
333,1332,33,132,[3]
333,2331,3,21,"[3, 3]"
333,2331,33,231,[3]
333,10323,33,1023,[3]
333,11322,33,1122,[3]
333,12321,33,1221,[3]
333,20313,33,2013,[3]
333,21312,33,2112,[3]
333,22311,33,2211,[3]
333,30303,33,3003,[3]
333,31302,33,3102,[3]
333,32301,33,3201,[3]
1001,2002,11,22,"[0, 0]"
1001,2002,101,202,[0]
1001,3003,11,33,"[0, 0]"
1001,3003,101,303,[0]
1001,10101,11,111,"[0, 0]"
1001,11011,101,1111,[0]
1001,12012,101,1212,[0]
1001,13013,101,1313,[0]
1001,20202,11,222,"[0, 0]"
1001,21021,101,2121,[0]
1001,22022,101,2222,[0]
1001,23023,101,2323,[0]
1001,30303,11,333,"[0, 0]"
1001,31031,101,3131,[0]
1001,32032,101,3232,[0]
1001,33033,101,3333,[0]
1002,1203,102,123,[0]
1002,3012,102,312,[0]
1002,11022,102,1122,[0]
1002,13032,102,1332,[0]
1003,2012,103,212,[0]
1003,3021,103,321,[0]
1003,11033,103,1133,[0]
1011,2022,111,222,[0]
1011,3033,111,333,[0]
1012,1221,10,12,"[1, 2]"
1012,3102,1,3,"[0, 1, 2]"
1012,3102,10,30,"[1, 2]"
1012,12001,12,201,"[0, 1]"
1012,22121,10,212,"[1, 2]"
1013,2032,11,22,"[0, 3]"
1013,2032,113,232,[0]
1013,2032,101,202,[3]
1013,13301,1,13,"[0, 1, 3]"
1013,13301,10,130,"[1, 3]"
1013,23012,1,22,"[0, 1, 3]"
1021,2102,1,2,"[0, 1, 2]"
1021,2102,01,02,"[1, 2]"
1021,2102,10,20,"[1, 2]"
1021,22101,1,21,"[0, 1, 2]"
1021,22101,10,210,"[1, 2]"
1022,2321,102,231,[2]
1022,13201,2,31,"[0, 1, 2]"
1023,2112,03,12,"[1, 2]"
1023,23232,103,2332,[2]
1031,13032,11,132,"[0, 3]"
1031,31033,11,313,"[0, 3]"
1032,2033,12,23,"[0, 3]"
1032,10132,12,112,"[0, 3]"
1032,20233,12,223,"[0, 3]"
1033,2132,103,212,[3]
1033,3231,103,321,[3]
1033,23013,1,21,"[0, 3, 3]"
1101,2202,111,222,[0]
1101,3303,111,333,[0]
1102,3031,12,33,"[0, 1]"
1103,13302,11,132,"[0, 3]"
1103,21011,103,2011,[1]
1111,21103,11,203,"[1, 1]"
1111,21103,111,2103,[1]
1111,31102,11,302,"[1, 1]"
1111,31102,111,3102,[1]
1112,3113,12,33,"[1, 1]"
1112,3113,112,313,[1]
1112,13121,112,1321,[1]
1112,21122,12,222,"[1, 1]"
1112,21122,112,2122,[1]
1112,23123,112,2323,[1]
1112,33131,112,3331,[1]
1113,2232,111,222,[3]
1113,21201,113,2201,[1]
1113,31212,1,22,"[1, 1, 3]"
1113,31212,113,3212,[1]
1121,21233,121,2233,[1]
1121,31322,121,3322,[1]
1122,1311,22,31,"[1, 1]"
1122,12132,22,232,"[1, 1]"
1122,12132,11,113,"[2, 2]"
1122,21312,2,32,"[1, 1, 2]"
1122,21312,1,13,"[1, 2, 2]"
1122,21312,122,2312,[1]
1123,2312,1,2,"[1, 2, 3]"
1123,2312,13,32,"[1, 2]"
1123,11321,13,131,"[1, 2]"
1123,21331,1,13,"[1, 2, 3]"
1123,21331,123,2331,[1]
1123,23211,13,321,"[1, 2]"
1123,32032,11,302,"[2, 3]"
1131,2322,111,222,[3]
1131,10312,111,1012,[3]
1131,12302,111,1202,[3]
1132,2031,112,201,[3]
1132,13112,1,11,"[1, 2, 3]"
1132,30133,12,303,"[1, 3]"
1133,2332,11,22,"[3, 3]"
1133,2332,113,232,[3]
1133,3313,11,31,"[3, 3]"
1133,10131,113,1011,[3]
1133,13232,11,122,"[3, 3]"
1133,20322,113,2022,[3]
1133,32312,1,22,"[1, 3, 3]"
1133,32312,113,3212,[3]
1201,3002,121,302,[0]
1201,10203,1,03,"[0, 1, 2]"
1201,10203,01,003,"[1, 2]"
1201,10203,121,1023,[0]
1201,21012,1,12,"[0, 1, 2]"
1201,21012,01,012,"[1, 2]"
1201,21012,121,2112,[0]
1201,33022,121,3322,[0]
1202,2103,2,3,"[0, 1, 2]"
1202,2103,02,03,"[1, 2]"
1202,2103,122,213,[0]
1202,10212,2,12,"[0, 1, 2]"
1202,10212,02,012,"[1, 2]"
1202,20123,2,23,"[0, 1, 2]"
1202,20123,02,023,"[1, 2]"
1203,3012,123,312,[0]
1203,10221,3,21,"[0, 1, 2]"
1203,10221,03,021,"[1, 2]"
1203,11022,123,1122,[0]
1203,13002,23,302,"[0, 1]"
1203,13032,123,1332,[0]
1203,21102,03,102,"[1, 2]"
1211,10233,11,033,"[1, 2]"
1211,21132,11,132,"[1, 2]"
1212,2121,12,21,"[1, 2]"
1212,11211,12,111,"[1, 2]"
1212,22113,12,213,"[1, 2]"
1212,31203,12,303,"[1, 2]"
1212,32112,12,312,"[1, 2]"
1213,3032,121,302,[3]
1213,21222,13,222,"[1, 2]"
1213,23101,13,301,"[1, 2]"
1213,32133,13,333,"[1, 2]"
1221,3102,12,30,"[1, 2]"
1221,3213,121,313,[2]
1221,10212,121,1012,[2]
1221,11211,121,1111,[2]
1221,13203,121,1303,[2]
1221,20202,121,2002,[2]
1221,21201,121,2101,[2]
1221,21312,21,312,"[1, 2]"
1221,22121,12,212,"[1, 2]"
1221,23133,21,333,"[1, 2]"
1222,2133,22,33,"[1, 2]"
1222,10021,122,1001,[2]
1222,23212,2,32,"[1, 2, 2]"
1222,23212,122,2312,[2]
1223,23231,2,32,"[1, 2, 3]"
1223,23231,123,2331,[2]
1231,3122,1,2,"[1, 2, 3]"
1231,3122,13,32,"[1, 2]"
1232,12113,22,211,"[1, 3]"
1232,12232,23,223,"[1, 2]"
1232,13233,32,333,"[1, 2]"
1233,3132,123,312,[3]
1233,11031,123,1101,[3]
1301,3202,11,22,"[0, 3]"
1301,3202,101,202,[3]
1301,3202,131,322,[0]
1301,11103,131,1113,[0]
1301,30113,1,13,"[0, 1, 3]"
1301,30113,01,013,"[1, 3]"
1302,10131,2,11,"[0, 1, 3]"
1302,10131,02,011,"[1, 3]"
1302,21303,2,23,"[0, 1, 3]"
1302,23102,12,212,"[0, 3]"
1302,30132,2,32,"[0, 1, 3]"
1302,30132,02,032,"[1, 3]"
1302,30132,1,13,"[0, 2, 3]"
1303,3212,103,212,[3]
1303,22302,13,222,"[0, 3]"
1311,3222,111,222,[3]
1311,12132,31,232,"[1, 1]"
1312,2301,112,201,[3]
1312,10213,132,1023,[1]
1312,21032,13,203,"[1, 2]"
1313,3131,13,31,"[1, 3]"
1313,3232,11,22,"[3, 3]"
1313,3232,113,232,[3]
1313,3232,131,322,[3]
1313,11312,13,112,"[1, 3]"
1313,21311,13,211,"[1, 3]"
1313,23022,113,2022,[3]
1313,23123,13,223,"[1, 3]"
1313,33122,13,322,"[1, 3]"
1321,3302,121,302,[3]
1321,21131,1,11,"[1, 2, 3]"
1321,23112,1,12,"[1, 2, 3]"
1321,23112,121,2112,[3]
1322,2313,2,3,"[1, 2, 3]"
1322,2313,122,213,[3]
1322,10301,122,1001,[3]
1322,11232,2,12,"[1, 2, 3]"
1322,22133,2,23,"[1, 2, 3]"
1323,3312,123,312,[3]
1323,11301,123,1101,[3]
1323,23202,123,2202,[3]
1331,3322,11,22,"[3, 3]"
1331,3322,131,322,[3]
1331,11313,131,1113,[3]
1331,21301,131,2101,[3]
1331,23232,131,2232,[3]
1331,32131,11,211,"[3, 3]"
1331,32312,11,212,"[3, 3]"
1332,2331,12,21,"[3, 3]"
1332,2331,132,231,[3]
1332,10323,132,1023,[3]
1332,11322,132,1122,[3]
1332,12321,132,1221,[3]
1332,13131,32,311,"[1, 3]"
1332,20313,132,2013,[3]
1332,21312,132,2112,[3]
1332,22311,132,2211,[3]
1332,30303,132,3003,[3]
1332,31302,132,3102,[3]
1332,32301,132,3201,[3]
1332,33132,13,313,"[2, 3]"
1333,3332,1,2,"[3, 3, 3]"
1333,3332,13,32,"[3, 3]"
1333,3332,133,332,[3]
1333,11331,13,111,"[3, 3]"
1333,11331,133,1131,[3]
1333,21323,133,2123,[3]
1333,23322,13,222,"[3, 3]"
1333,23322,133,2322,[3]
1333,31321,133,3121,[3]
2001,10002,21,102,"[0, 0]"
2001,10002,201,1002,[0]
2001,12003,21,123,"[0, 0]"
2001,12003,201,1203,[0]
2001,22011,201,2211,[0]
2001,30012,21,312,"[0, 0]"
2001,30012,201,3012,[0]
2001,32013,201,3213,[0]
2002,3003,22,33,"[0, 0]"
2002,3003,202,303,[0]
2002,10101,22,111,"[0, 0]"
2002,11011,202,1111,[0]
2002,12012,202,1212,[0]
2002,13013,202,1313,[0]
2002,20202,22,222,"[0, 0]"
2002,21021,202,2121,[0]
2002,22022,202,2222,[0]
2002,23023,202,2323,[0]
2002,30303,22,333,"[0, 0]"
2002,31031,202,3131,[0]
2002,32032,202,3232,[0]
2002,33033,202,3333,[0]
2003,10012,23,112,"[0, 0]"
2003,10012,203,1012,[0]
2003,12021,203,1221,[0]
2003,22033,203,2233,[0]
2003,30102,203,3102,[0]
2011,10022,1,02,"[0, 1, 2]"
2011,10022,01,002,"[1, 2]"
2011,10022,211,1022,[0]
2011,12033,211,1233,[0]
2011,30132,211,3132,[0]
2012,3021,2,3,"[0, 1, 2]"
2012,3021,212,321,[0]
2012,3021,20,30,"[1, 2]"
2012,11033,212,1133,[0]
2012,12102,2,12,"[0, 1, 2]"
2012,12102,20,120,"[1, 2]"
2012,23201,2,23,"[0, 1, 2]"
2012,23201,20,230,"[1, 2]"
2013,10032,21,102,"[0, 3]"
2013,10032,213,1032,[0]
2013,10032,201,1002,[3]
2013,30222,213,3222,[0]
2013,32301,2,32,"[0, 1, 3]"
2013,32301,20,320,"[1, 3]"
2021,10102,2,10,"[0, 1, 2]"
2021,10102,02,010,"[1, 2]"
2021,10102,221,1102,[0]
2021,10102,20,100,"[1, 2]"
2021,30312,221,3312,[0]
2022,3033,222,333,[0]
2022,11121,202,1111,[2]
2023,10112,223,1112,[0]
2031,10122,3,12,"[0, 1, 2]"
2031,10122,03,012,"[1, 2]"
2031,10122,231,1122,[0]
2031,31032,21,312,"[0, 3]"
2032,11203,2,11,"[0, 2, 3]"
2032,11203,20,110,"[2, 3]"
2032,33202,2,32,"[0, 2, 3]"
2032,33202,20,320,"[2, 3]"
2033,10132,23,112,"[0, 3]"
2033,10132,233,1132,[0]
2033,10132,203,1012,[3]
2033,12231,203,1221,[3]
2033,20233,23,223,"[0, 3]"
2033,23023,2,22,"[0, 3, 3]"
2101,10202,1,02,"[0, 1, 2]"
2101,10202,01,002,"[1, 2]"
2101,10202,10,020,"[1, 2]"
2101,10202,211,1022,[0]
2101,12303,211,1233,[0]
2102,22101,2,21,"[0, 1, 2]"
2102,22101,20,210,"[1, 2]"
2103,3102,203,302,[1]
2103,10101,203,1001,[1]
2103,10212,3,12,"[0, 1, 2]"
2103,10212,03,012,"[1, 2]"
2103,20123,3,23,"[0, 1, 2]"
2103,20123,03,023,"[1, 2]"
2103,31302,21,312,"[0, 3]"
2111,10222,11,022,"[1, 2]"
2112,10131,22,103,"[1, 1]"
2112,11313,212,1133,[1]
2112,31212,22,322,"[1, 1]"
2113,10232,1,02,"[1, 2, 3]"
2113,10232,13,032,"[1, 2]"
2113,10232,211,1022,[3]
2121,10302,12,030,"[1, 2]"
2121,11211,21,111,"[1, 2]"
2121,22113,21,213,"[1, 2]"
2121,31203,21,303,"[1, 2]"
2121,32112,21,312,"[1, 2]"
2122,3213,22,33,"[1, 2]"
2122,10132,222,1032,[1]
2122,12001,122,1001,[2]
2122,20123,22,203,"[1, 2]"
2122,22311,22,231,"[1, 2]"
2123,10312,2,10,"[1, 2, 3]"
2131,10322,1,02,"[1, 2, 3]"
2131,10322,13,032,"[1, 2]"
2131,10322,211,1022,[3]
2132,3231,2,3,"[1, 2, 3]"
2132,3231,212,321,[3]
2132,12023,32,203,"[1, 2]"
2132,12023,132,1023,[2]
2132,13122,2,12,"[1, 2, 3]"
2133,10332,21,102,"[3, 3]"
2133,10332,213,1032,[3]
2133,13131,213,1311,[3]
2133,32322,213,3222,[3]
2201,11002,2,10,"[0, 1, 2]"
2201,11002,20,100,"[1, 2]"
2201,11002,221,1102,[0]
2201,13203,221,1323,[0]
2201,33012,221,3312,[0]
2202,3303,222,333,[0]
2202,12111,202,1111,[2]
2203,11012,223,1112,[0]
2211,11022,21,102,"[1, 2]"
2212,3321,22,33,"[1, 2]"
2212,12133,212,1133,[2]
2212,32101,212,3101,[2]
2213,11032,2,10,"[1, 2, 3]"
2213,11032,221,1102,[3]
2221,11102,22,110,"[1, 2]"
2222,12221,2,11,"[2, 2, 2]"
2222,12221,22,121,"[2, 2]"
2222,12221,222,1221,[2]
2222,32213,22,313,"[2, 2]"
2222,32213,222,3213,[2]
2231,11122,23,112,"[1, 2]"
2232,12303,232,1303,[2]
2232,32331,232,3331,[2]
2233,10323,22,102,"[3, 3]"
2233,11132,223,1112,[3]
2233,20031,223,2001,[3]
2301,11202,3,12,"[0, 1, 2]"
2301,11202,30,120,"[1, 2]"
2301,11202,231,1122,[0]
2301,20103,231,2013,[0]
2302,12331,302,1331,[2]
2302,33103,22,313,"[0, 3]"
2311,11222,31,122,"[1, 2]"
2311,20133,1,03,"[1, 2, 3]"
2312,11321,32,131,"[1, 2]"
2312,13013,232,1303,[1]
2312,21331,2,13,"[1, 2, 3]"
2312,23211,32,321,"[1, 2]"
2313,10301,213,1001,[3]
2313,11232,3,12,"[1, 2, 3]"
2313,11232,33,132,"[1, 2]"
2313,11232,231,1122,[3]
2313,22133,3,23,"[1, 2, 3]"
2321,11302,2,10,"[1, 2, 3]"
2321,11302,32,130,"[1, 2]"
2321,11302,221,1102,[3]
2321,32131,23,313,"[1, 2]"
2322,10312,222,1012,[3]
2322,12302,222,1202,[3]
2323,3232,23,32,"[2, 3]"
2323,11312,223,1112,[3]
2323,12322,23,122,"[2, 3]"
2323,13231,23,131,"[2, 3]"
2323,20301,223,2001,[3]
2323,22321,23,221,"[2, 3]"
2323,33223,23,323,"[2, 3]"
2331,10323,231,1023,[3]
2331,11322,3,12,"[1, 2, 3]"
2331,11322,33,132,"[1, 2]"
2331,11322,231,1122,[3]
2331,12321,231,1221,[3]
2331,20313,231,2013,[3]
2331,21312,231,2112,[3]
2331,22311,231,2211,[3]
2331,30303,231,3003,[3]
2331,31302,231,3102,[3]
2331,32301,231,3201,[3]
2332,3313,22,31,"[3, 3]"
2332,10131,232,1011,[3]
2332,13123,2,11,"[2, 3, 3]"
2332,13232,22,122,"[3, 3]"
2332,20322,232,2022,[3]
2332,32312,232,3212,[3]
2333,11332,23,112,"[3, 3]"
2333,11332,233,1132,[3]
2333,20331,23,201,"[3, 3]"
2333,20331,233,2031,[3]
2333,32323,2,22,"[3, 3, 3]"
2333,32323,233,3223,[3]
3001,12002,31,122,"[0, 0]"
3001,12002,301,1202,[0]
3001,21003,31,213,"[0, 0]"
3001,21003,301,2103,[0]
3001,33011,301,3311,[0]
3002,10203,302,1023,[0]
3002,21012,302,2112,[0]
3002,33022,302,3322,[0]
3003,10101,33,111,"[0, 0]"
3003,11011,303,1111,[0]
3003,12012,303,1212,[0]
3003,13013,303,1313,[0]
3003,20202,33,222,"[0, 0]"
3003,21021,303,2121,[0]
3003,22022,303,2222,[0]
3003,23023,303,2323,[0]
3003,30303,33,333,"[0, 0]"
3003,31031,303,3131,[0]
3003,32032,303,3232,[0]
3003,33033,303,3333,[0]
3011,12022,311,1222,[0]
3011,21033,311,2133,[0]
3012,10221,30,102,"[1, 2]"
3012,11022,312,1122,[0]
3012,13032,312,1332,[0]
3012,21102,3,21,"[0, 1, 2]"
3012,21102,30,210,"[1, 2]"
3013,12032,31,122,"[0, 3]"
3013,12032,313,1232,[0]
3013,12032,301,1202,[3]
3021,11033,321,1133,[0]
3021,12102,3,12,"[0, 1, 2]"
3021,12102,30,120,"[1, 2]"
3021,23201,3,23,"[0, 1, 2]"
3021,23201,30,230,"[1, 2]"
3022,13321,302,1331,[2]
3022,23003,22,203,"[0, 3]"
3022,32031,22,231,"[0, 3]"
3032,10311,32,111,"[0, 3]"
3033,12132,303,1212,[3]
3033,21231,303,2121,[3]
3101,12202,311,1222,[0]
3101,21303,311,2133,[0]
3102,10101,302,1001,[1]
3102,12012,32,122,"[0, 1]"
3102,20031,32,203,"[0, 1]"
3102,22121,30,212,"[1, 2]"
3112,20113,32,203,"[1, 1]"
3112,20113,312,2013,[1]
3113,12232,311,1222,[3]
3113,13121,313,1321,[1]
3113,21122,33,222,"[1, 1]"
3113,21122,313,2122,[1]
3113,23123,313,2323,[1]
3113,33131,313,3331,[1]
3121,12302,1,02,"[1, 2, 3]"
3123,11231,3,11,"[1, 2, 3]"
3123,12312,3,12,"[1, 2, 3]"
3123,12312,33,132,"[1, 2]"
3123,23122,3,22,"[1, 2, 3]"
3123,32311,3,31,"[1, 2, 3]"
3131,11312,31,112,"[1, 3]"
3131,12322,311,1222,[3]
3131,21311,31,211,"[1, 3]"
3131,23123,31,223,"[1, 3]"
3131,33122,31,322,"[1, 3]"
3132,11031,312,1101,[3]
3133,12332,31,122,"[3, 3]"
3133,12332,313,1232,[3]
3133,22131,313,2211,[3]
3201,13002,21,102,"[0, 3]"
3201,13002,201,1002,[3]
3201,13002,321,1302,[0]
3201,22203,321,2223,[0]
3202,11103,322,1113,[0]
3202,20311,2,11,"[0, 2, 3]"
3202,20311,02,011,"[2, 3]"
3203,13012,23,112,"[0, 3]"
3203,13012,203,1012,[3]
3203,13012,323,1312,[0]
3211,13022,1,02,"[1, 2, 3]"
3211,13022,211,1022,[3]
3212,11121,32,111,"[1, 2]"
3212,20333,12,033,"[2, 3]"
3212,30211,32,301,"[1, 2]"
3213,10212,313,1012,[2]
3213,11211,313,1111,[2]
3213,12231,32,122,"[1, 3]"
3213,13032,21,102,"[3, 3]"
3213,13032,213,1032,[3]
3213,13032,321,1302,[3]
3213,13203,313,1303,[2]
3213,20123,33,203,"[1, 2]"
3213,20202,313,2002,[2]
3213,21201,313,2101,[2]
3213,21303,13,103,"[2, 3]"
3213,22311,3,21,"[1, 2, 3]"
3213,22311,33,231,"[1, 2]"
3213,23112,13,112,"[2, 3]"
3213,30321,32,302,"[1, 3]"
3221,13102,2,10,"[1, 2, 3]"
3221,13102,221,1102,[3]
3221,13102,32,130,"[1, 2]"
3222,21021,322,2101,[2]
3223,13112,223,1112,[3]
3223,23001,223,2001,[3]
3231,13122,3,12,"[1, 2, 3]"
3231,13122,231,1122,[3]
3231,13122,33,132,"[1, 2]"
3231,23013,231,2013,[3]
3232,12322,32,122,"[2, 3]"
3232,13231,32,131,"[2, 3]"
3232,22321,32,221,"[2, 3]"
3232,23022,232,2022,[3]
3232,33223,32,323,"[2, 3]"
3233,13132,23,112,"[3, 3]"
3233,13132,233,1132,[3]
3233,13132,323,1312,[3]
3233,23031,23,201,"[3, 3]"
3233,23031,233,2031,[3]
3233,23031,323,2301,[3]
3301,13202,31,122,"[0, 3]"
3301,13202,301,1202,[3]
3301,13202,331,1322,[0]
3301,23103,31,213,"[0, 3]"
3301,23103,301,2103,[3]
3301,23103,331,2313,[0]
3302,23112,302,2112,[3]
3302,31033,2,13,"[0, 3, 3]"
3303,13212,303,1212,[3]
3303,23121,303,2121,[3]
3311,13222,311,1222,[3]
3311,23133,311,2133,[3]
3311,31302,11,102,"[3, 3]"
3312,11301,312,1101,[3]
3312,21213,332,2123,[1]
3312,23202,312,2202,[3]
3312,31131,12,111,"[3, 3]"
3313,13232,31,122,"[3, 3]"
3313,13232,313,1232,[3]
3313,13232,331,1322,[3]
3313,23211,313,2211,[3]
3321,13302,21,102,"[3, 3]"
3321,13302,321,1302,[3]
3321,23223,321,2223,[3]
3322,11313,322,1113,[3]
3322,20212,33,201,"[2, 2]"
3322,21301,322,2101,[3]
3322,23232,322,2232,[3]
3322,32131,22,211,"[3, 3]"
3322,32312,22,212,"[3, 3]"
3323,13312,23,112,"[3, 3]"
3323,13312,323,1312,[3]
3323,23301,23,201,"[3, 3]"
3323,23301,323,2301,[3]
3331,13322,31,122,"[3, 3]"
3331,13322,331,1322,[3]
3331,23313,31,213,"[3, 3]"
3331,23313,331,2313,[3]
3332,11331,32,111,"[3, 3]"
3332,11331,332,1131,[3]
3332,21323,332,2123,[3]
3332,23322,32,222,"[3, 3]"
3332,23322,332,2322,[3]
3332,31321,332,3121,[3]
3333,13332,3,12,"[3, 3, 3]"
3333,13332,33,132,"[3, 3]"
3333,13332,333,1332,[3]
3333,23331,3,21,"[3, 3, 3]"
3333,23331,33,231,"[3, 3]"
3333,23331,333,2331,[3]
10001,20002,11,22,"[0, 0, 0]"
10001,20002,101,202,"[0, 0]"
10001,20002,1001,2002,[0]
10001,30003,11,33,"[0, 0, 0]"
10001,30003,101,303,"[0, 0]"
10001,30003,1001,3003,[0]
10002,12003,102,123,"[0, 0]"
10002,12003,1002,1203,[0]
10002,22011,1002,2211,[0]
10002,30012,102,312,"[0, 0]"
10002,30012,1002,3012,[0]
10002,32013,1002,3213,[0]
10003,20012,103,212,"[0, 0]"
10003,20012,1003,2012,[0]
10003,30021,103,321,"[0, 0]"
10003,30021,1003,3021,[0]
10011,20022,111,222,"[0, 0]"
10011,20022,1011,2022,[0]
10011,30033,111,333,"[0, 0]"
10011,30033,1011,3033,[0]
10012,12021,10,12,"[0, 1, 2]"
10012,12021,1012,1221,[0]
10012,12021,100,120,"[1, 2]"
10012,22033,1012,2233,[0]
10012,30102,1,3,"[0, 0, 1, 2]"
10012,30102,10,30,"[0, 1, 2]"
10012,30102,1012,3102,[0]
10012,30102,100,300,"[1, 2]"
10013,20032,11,22,"[0, 0, 3]"
10013,20032,113,232,"[0, 0]"
10013,20032,101,202,"[0, 3]"
10013,20032,1013,2032,[0]
10013,20032,1001,2002,[3]
10013,30111,1013,3111,[0]
10021,20102,1,2,"[0, 0, 1, 2]"
10021,20102,01,02,"[0, 1, 2]"
10021,20102,001,002,"[1, 2]"
10021,20102,10,20,"[0, 1, 2]"
10021,20102,1021,2102,[0]
10021,20102,100,200,"[1, 2]"
10021,23212,1001,2312,[2]
10021,30123,1021,3123,[0]
10022,12033,1022,1233,[0]
10022,22121,1002,2211,[2]
10022,30132,1022,3132,[0]
10023,20112,03,12,"[0, 1, 2]"
10023,20112,003,012,"[1, 2]"
10023,20112,1023,2112,[0]
10023,30201,1023,3201,[0]
10031,20122,1031,2122,[0]
10031,30213,1031,3213,[0]
10032,22203,10,22,"[0, 2, 3]"
10032,22203,100,220,"[2, 3]"
10032,30222,1032,3222,[0]
10033,20132,103,212,"[0, 3]"
10033,20132,1033,2132,[0]
10033,20132,1003,2012,[3]
10033,30231,103,321,"[0, 3]"
10033,30231,1033,3231,[0]
10033,30231,1003,3021,[3]
10101,20202,111,222,"[0, 0]"
10101,20202,1101,2202,[0]
10101,20202,1011,2022,[0]
10101,30303,111,333,"[0, 0]"
10101,30303,1101,3303,[0]
10101,30303,1011,3033,[0]
10102,30312,1102,3312,[0]
10103,20212,1103,2212,[0]
10103,30321,1103,3321,[0]
10111,20222,1111,2222,[0]
10111,30333,1111,3333,[0]
10112,22313,1012,2233,[1]
10113,20232,111,222,"[0, 3]"
10113,20232,1113,2232,[0]
10113,20232,1011,2022,[3]
10121,20302,1121,2302,[0]
10121,31023,11,33,"[0, 1, 2]"
10121,31023,101,303,"[1, 2]"
10122,12213,102,123,"[1, 2]"
10122,33123,102,333,"[1, 2]"
10123,20312,1,2,"[0, 1, 2, 3]"
10123,20312,13,32,"[0, 1, 2]"
10123,20312,01,02,"[1, 2, 3]"
10123,20312,013,032,"[1, 2]"
10123,20312,1123,2312,[0]
10123,20312,10,20,"[1, 2, 3]"
10131,20322,111,222,"[0, 3]"
10131,20322,1131,2322,[0]
10131,20322,1011,2022,[3]
10131,21303,11,23,"[0, 1, 3]"
10131,30132,11,32,"[0, 1, 3]"
10131,30132,011,032,"[1, 3]"
10131,31212,103,322,"[1, 1]"
10131,32312,1011,3212,[3]
10132,12231,10,12,"[1, 2, 3]"
10132,12231,1012,1221,[3]
10132,20233,112,223,"[0, 3]"
10132,33221,10,32,"[1, 2, 3]"
10133,20332,11,22,"[0, 3, 3]"
10133,20332,113,232,"[0, 3]"
10133,20332,1133,2332,[0]
10133,20332,101,202,"[3, 3]"
10133,20332,1013,2032,[3]
10133,31131,1013,3111,[3]
10201,12013,101,113,"[0, 2]"
10201,21002,1,2,"[0, 0, 1, 2]"
10201,21002,01,02,"[0, 1, 2]"
10201,21002,001,002,"[1, 2]"
10201,21002,10,20,"[0, 1, 2]"
10201,21002,100,200,"[1, 2]"
10201,21002,1021,2102,[0]
10201,22012,101,212,"[0, 2]"
10201,31203,1021,3123,[0]
10201,32011,101,311,"[0, 2]"
10202,12303,1022,1233,[0]
10203,21012,03,12,"[0, 1, 2]"
10203,21012,003,012,"[1, 2]"
10203,21012,1023,2112,[0]
10203,33022,1023,3322,[0]
10211,21022,11,22,"[0, 1, 2]"
10211,21022,011,022,"[1, 2]"
10211,21022,101,202,"[1, 2]"
10212,11211,1012,1111,[2]
10212,12321,102,123,"[1, 2]"
10212,13203,1012,1303,[2]
10212,20123,12,23,"[0, 1, 2]"
10212,20123,012,023,"[1, 2]"
10212,20202,1012,2002,[2]
10212,21201,1012,2101,[2]
10213,21032,1,2,"[0, 1, 2, 3]"
10213,21032,13,32,"[0, 1, 2]"
10213,21032,01,02,"[1, 2, 3]"
10213,21032,013,032,"[1, 2]"
10213,21032,10,20,"[1, 2, 3]"
10213,21032,1021,2102,[3]
10213,30322,11,32,"[0, 2, 3]"
10221,21102,021,102,"[1, 2]"
10221,21102,102,210,"[1, 2]"
10222,23221,102,231,"[2, 2]"
10222,23221,1022,2321,[2]
10223,21112,023,112,"[1, 2]"
10231,12232,1031,1232,[2]
10231,20233,1031,2033,[2]
10231,21122,031,122,"[1, 2]"
10231,21122,103,212,"[1, 2]"
10231,32013,1,3,"[0, 1, 2, 3]"
10231,32013,01,03,"[1, 2, 3]"
10231,32013,10,30,"[1, 2, 3]"
10231,32302,1031,3302,[2]
10232,23303,12,33,"[0, 2, 3]"
10233,21132,03,12,"[1, 2, 3]"
10233,21132,033,132,"[1, 2]"
10233,21132,1023,2112,[3]
10233,32031,1023,3201,[3]
10301,21202,1031,2122,[0]
10301,32103,1031,3213,[0]
10302,13023,102,123,"[0, 3]"
10302,20301,102,201,"[0, 3]"
10302,23022,102,222,"[0, 3]"
10302,33021,102,321,"[0, 3]"
10312,12103,132,213,"[0, 1]"
10312,12302,1012,1202,[3]
10312,30013,1032,3003,[1]
10313,21232,1031,2122,[3]
10321,21302,1,2,"[0, 1, 2, 3]"
10321,21302,01,02,"[1, 2, 3]"
10321,21302,13,32,"[0, 1, 2]"
10321,21302,10,20,"[1, 2, 3]"
10321,21302,1021,2102,[3]
10323,11322,1023,1122,[3]
10323,12321,1023,1221,[3]
10323,20313,1023,2013,[3]
10323,21312,03,12,"[1, 2, 3]"
10323,21312,033,132,"[1, 2]"
10323,21312,1023,2112,[3]
10323,22311,1023,2211,[3]
10323,30303,1023,3003,[3]
10323,31302,1023,3102,[3]
10323,32301,1023,3201,[3]
10331,21322,1031,2122,[3]
10331,32313,1031,3213,[3]
10332,13131,1032,1311,[3]
10332,32322,1032,3222,[3]
10333,21332,103,212,"[3, 3]"
10333,21332,1033,2132,[3]
10333,32331,103,321,"[3, 3]"
10333,32331,1033,3231,[3]
11001,22002,111,222,"[0, 0]"
11001,22002,1101,2202,[0]
11001,33003,111,333,"[0, 0]"
11001,33003,1101,3303,[0]
11002,13203,1102,1323,[0]
11002,33012,1102,3312,[0]
11003,21002,103,202,"[0, 1]"
11003,22012,1103,2212,[0]
11003,31001,103,301,"[0, 1]"
11003,33021,1103,3321,[0]
11011,12012,1111,1212,[0]
11011,13013,1111,1313,[0]
11011,21021,1111,2121,[0]
11011,22022,1111,2222,[0]
11011,23023,1111,2323,[0]
11011,31031,1111,3131,[0]
11011,32032,1111,3232,[0]
11011,33033,1111,3333,[0]
11012,13221,110,132,"[1, 2]"
11012,33102,11,33,"[0, 1, 2]"
11012,33102,110,330,"[1, 2]"
11013,22032,111,222,"[0, 3]"
11013,22032,1113,2232,[0]
11013,22032,1101,2202,[3]
11021,21203,111,213,"[0, 2]"
11021,22102,11,22,"[0, 1, 2]"
11021,22102,101,202,"[1, 2]"
11021,22102,110,220,"[1, 2]"
11022,13032,1122,1332,[0]
11022,20212,12,22,"[0, 1, 2]"
11022,22302,112,232,"[0, 2]"
11022,30321,12,33,"[0, 1, 2]"
11022,30321,1102,3031,[2]
11023,22112,103,212,"[1, 2]"
11023,33201,1,3,"[0, 1, 2, 3]"
11023,33201,10,30,"[1, 2, 3]"
11032,31003,1032,3003,[1]
11033,22132,1103,2212,[3]
11033,33231,1103,3321,[3]
11101,22202,1111,2222,[0]
11101,33303,1111,3333,[0]
11102,31031,12,33,"[0, 1, 1]"
11102,31031,112,313,"[0, 1]"
11102,31031,1102,3031,[1]
11112,31113,12,33,"[1, 1, 1]"
11112,31113,112,313,"[1, 1]"
11112,31113,1112,3113,[1]
11113,21331,111,213,"[1, 3]"
11113,22232,1111,2222,[3]
11121,30211,111,301,"[1, 2]"
11122,31201,1122,3201,[1]
11123,22312,11,22,"[1, 2, 3]"
11123,22312,113,232,"[1, 2]"
11131,22322,1111,2222,[3]
11132,11313,32,33,"[1, 1, 1]"
11132,20031,1112,2001,[3]
11132,21312,11,21,"[1, 2, 3]"
11132,31223,1132,3223,[1]
11132,32312,111,321,"[2, 3]"
11133,22332,111,222,"[3, 3]"
11133,22332,1113,2232,[3]
11201,23002,1121,2302,[0]
11202,20103,1122,2013,[0]
11202,31311,1202,3311,[1]
11203,23012,1,2,"[0, 1, 2, 3]"
11203,23012,13,32,"[0, 1, 2]"
11203,23012,10,20,"[1, 2, 3]"
11203,23012,1123,2312,[0]
11203,33202,11,32,"[0, 2, 3]"
11203,33202,110,320,"[2, 3]"
11211,13203,1111,1303,[2]
11211,20202,1111,2002,[2]
11211,21201,1111,2101,[2]
11211,22113,111,213,"[1, 2]"
11211,31203,111,303,"[1, 2]"
11211,32112,111,312,"[1, 2]"
11212,20121,112,201,"[1, 2]"
11212,31333,1212,3333,[1]
11213,23032,1121,2302,[3]
11221,23102,121,302,"[1, 2]"
11221,23102,112,230,"[1, 2]"
11222,32021,1122,3201,[2]
11223,13032,112,130,"[2, 3]"
11223,23112,123,312,"[1, 2]"
11231,12312,11,12,"[1, 2, 3]"
11231,23122,11,22,"[1, 2, 3]"
11231,23122,131,322,"[1, 2]"
11231,23122,113,232,"[1, 2]"
11231,32311,11,31,"[1, 2, 3]"
11232,22133,12,23,"[1, 2, 3]"
11233,23132,1,2,"[1, 2, 3, 3]"
11233,23132,13,32,"[1, 2, 3]"
11233,23132,133,332,"[1, 2]"
11233,23132,1123,2312,[3]
11301,23202,111,222,"[0, 3]"
11301,23202,1101,2202,[3]
11301,23202,1131,2322,[0]
11302,30232,11,23,"[0, 2, 3]"
11302,32131,102,231,"[1, 3]"
11303,23212,1103,2212,[3]
11311,23222,1111,2222,[3]
11312,20301,1112,2001,[3]
11312,21311,112,211,"[1, 3]"
11312,23123,112,223,"[1, 3]"
11312,32213,1132,3223,[1]
11312,33122,112,322,"[1, 3]"
11313,21301,1113,2101,[3]
11313,23232,111,222,"[3, 3]"
11313,23232,1113,2232,[3]
11313,23232,1131,2322,[3]
11321,23211,131,321,"[1, 2]"
11321,23302,1121,2302,[3]
11322,12321,1122,1221,[3]
11322,20313,1122,2013,[3]
11322,21312,1122,2112,[3]
11322,22311,1122,2211,[3]
11322,30303,1122,3003,[3]
11322,31302,1122,3102,[3]
11322,32301,1122,3201,[3]
11323,23312,1,2,"[1, 2, 3, 3]"
11323,23312,13,32,"[1, 2, 3]"
11323,23312,133,332,"[1, 2]"
11323,23312,1123,2312,[3]
11331,21323,1131,2123,[3]
11331,23322,111,222,"[3, 3]"
11331,23322,1131,2322,[3]
11331,31321,1131,3121,[3]
11332,20331,112,201,"[3, 3]"
11332,20331,1132,2031,[3]
11332,32323,1132,3223,[3]
11333,23332,11,22,"[3, 3, 3]"
11333,23332,113,232,"[3, 3]"
11333,23332,1133,2332,[3]
12001,30002,121,302,"[0, 0]"
12001,30002,1201,3002,[0]
12002,21003,2,3,"[0, 0, 1, 2]"
12002,21003,02,03,"[0, 1, 2]"
12002,21003,002,003,"[1, 2]"
12002,21003,122,213,"[0, 0]"
12002,21003,1202,2103,[0]
12002,33011,1202,3311,[0]
12003,22011,1203,2211,[0]
12003,30012,123,312,"[0, 0]"
12003,30012,1203,3012,[0]
12003,32013,1203,3213,[0]
12011,30022,1211,3022,[0]
12012,13013,1212,1313,[0]
12012,20031,122,203,"[0, 1]"
12012,21021,12,21,"[0, 1, 2]"
12012,21021,012,021,"[1, 2]"
12012,21021,1212,2121,[0]
12012,21021,120,210,"[1, 2]"
12012,22022,1212,2222,[0]
12012,23023,1212,2323,[0]
12012,31031,1212,3131,[0]
12012,32032,1212,3232,[0]
12012,33033,1212,3333,[0]
12013,22012,113,212,"[0, 2]"
12013,30032,121,302,"[0, 3]"
12013,30032,1213,3032,[0]
12013,30032,1201,3002,[3]
12013,32011,113,311,"[0, 2]"
12021,22033,1221,2233,[0]
12021,30102,12,30,"[0, 1, 2]"
12021,30102,1221,3102,[0]
12021,30102,120,300,"[1, 2]"
12022,21033,22,33,"[0, 1, 2]"
12022,21033,022,033,"[1, 2]"
12022,21033,1222,2133,[0]
12022,33121,1202,3311,[2]
12023,30112,1223,3112,[0]
12031,30122,1,2,"[0, 1, 2, 3]"
12031,30122,01,02,"[1, 2, 3]"
12031,30122,13,32,"[0, 1, 2]"
12031,30122,1231,3122,[0]
12032,21111,032,111,"[1, 2]"
12032,33203,12,33,"[0, 2, 3]"
12032,33203,120,330,"[2, 3]"
12033,20322,13,22,"[0, 2, 3]"
12033,23022,103,202,"[2, 3]"
12033,30132,123,312,"[0, 3]"
12033,30132,1233,3132,[0]
12033,30132,1203,3012,[3]
12101,30202,1211,3022,[0]
12102,21123,102,123,"[1, 2]"
12102,23201,12,23,"[0, 1, 2]"
12102,23201,120,230,"[1, 2]"
12103,30212,1,2,"[0, 1, 2, 3]"
12103,30212,13,32,"[0, 1, 2]"
12112,21201,112,201,"[1, 2]"
12112,33313,1212,3333,[1]
12113,30232,1211,3022,[3]
12122,21213,2,3,"[1, 1, 2, 2]"
12122,21213,122,213,"[1, 2]"
12122,32012,1122,3012,[2]
12123,22231,12,22,"[1, 2, 3]"
12123,30312,12,30,"[1, 2, 3]"
12131,30322,1211,3022,[3]
12132,21231,12,21,"[1, 2, 3]"
12132,21231,132,231,"[1, 2]"
12132,21231,1212,2121,[3]
12133,30332,121,302,"[3, 3]"
12133,30332,1213,3032,[3]
12133,32101,1133,3101,[2]
12201,31002,12,30,"[0, 1, 2]"
12201,31002,120,300,"[1, 2]"
12201,31002,1221,3102,[0]
12202,21303,22,33,"[0, 1, 2]"
12202,21303,202,303,"[1, 2]"
12202,21303,1222,2133,[0]
12203,31012,1223,3112,[0]
12211,31022,121,302,"[1, 2]"
12212,21321,2,3,"[1, 1, 2, 2]"
12212,21321,212,321,"[1, 2]"
12212,21321,122,213,"[1, 2]"
12213,31032,12,30,"[1, 2, 3]"
12213,31032,1221,3102,[3]
12213,33123,123,333,"[1, 2]"
12221,31102,122,310,"[1, 2]"
12221,32213,121,313,"[2, 2]"
12221,32213,1221,3213,[2]
12222,21333,222,333,"[1, 2]"
12231,30321,122,302,"[1, 3]"
12231,31122,123,312,"[1, 2]"
12231,33221,12,32,"[1, 2, 3]"
12232,20233,1232,2033,[2]
12232,32302,1232,3302,[2]
12233,31132,1223,3112,[3]
12301,31202,1,2,"[0, 1, 2, 3]"
12301,31202,01,02,"[1, 2, 3]"
12301,31202,10,20,"[1, 2, 3]"
12301,31202,13,32,"[0, 1, 2]"
12301,31202,130,320,"[1, 2]"
12301,31202,1231,3122,[0]
12302,30212,13,31,"[0, 2, 2]"
12303,23111,03,11,"[1, 2, 3]"
12303,31212,03,12,"[1, 2, 3]"
12303,32331,1303,3331,[2]
12311,31222,11,22,"[1, 2, 3]"
12311,31222,131,322,"[1, 2]"
12312,23122,12,22,"[1, 2, 3]"
12312,32311,12,31,"[1, 2, 3]"
12313,31232,1,2,"[1, 2, 3, 3]"
12313,31232,13,32,"[1, 2, 3]"
12313,31232,133,332,"[1, 2]"
12313,31232,1231,3122,[3]
12321,13222,21,22,"[1, 2, 3]"
12321,20313,1221,2013,[3]
12321,21312,1221,2112,[3]
12321,21331,21,31,"[1, 2, 3]"
12321,22311,1221,2211,[3]
12321,23133,21,33,"[1, 2, 3]"
12321,30303,1221,3003,[3]
12321,31302,12,30,"[1, 2, 3]"
12321,31302,132,330,"[1, 2]"
12321,31302,1221,3102,[3]
12321,32301,1221,3201,[3]
12322,13231,122,131,"[2, 3]"
12322,22321,122,221,"[2, 3]"
12322,33223,122,323,"[2, 3]"
12323,31312,1223,3112,[3]
12331,31322,1,2,"[1, 2, 3, 3]"
12331,31322,13,32,"[1, 2, 3]"
12331,31322,133,332,"[1, 2]"
12331,31322,1231,3122,[3]
12332,22131,1232,2211,[3]
12333,31332,123,312,"[3, 3]"
12333,31332,1233,3132,[3]
13001,32002,11,22,"[0, 0, 3]"
13001,32002,101,202,"[0, 3]"
13001,32002,1001,2002,[3]
13001,32002,131,322,"[0, 0]"
13001,32002,1301,3202,[0]
13002,22203,1302,2223,[0]
13003,32012,103,212,"[0, 3]"
13003,32012,1003,2012,[3]
13003,32012,1303,3212,[0]
13011,32022,111,222,"[0, 3]"
13011,32022,1011,2022,[3]
13011,32022,1311,3222,[0]
13012,22221,130,222,"[1, 2]"
13013,21021,1313,2121,[0]
13013,22022,1313,2222,[0]
13013,23023,1313,2323,[0]
13013,31031,13,31,"[0, 1, 3]"
13013,31031,013,031,"[1, 3]"
13013,31031,1313,3131,[0]
13013,31031,130,310,"[1, 3]"
13013,32032,11,22,"[0, 3, 3]"
13013,32032,113,232,"[0, 3]"
13013,32032,101,202,"[3, 3]"
13013,32032,1013,2032,[3]
13013,32032,131,322,"[0, 3]"
13013,32032,1313,3232,[0]
13013,32032,1301,3202,[3]
13013,33033,1313,3333,[0]
13021,32102,1,2,"[0, 1, 2, 3]"
13021,32102,01,02,"[1, 2, 3]"
13021,32102,10,20,"[1, 2, 3]"
13021,32102,1021,2102,[3]
13021,32102,13,32,"[0, 1, 2]"
13021,32102,130,320,"[1, 2]"
13023,13212,303,312,"[1, 2]"
13023,20301,123,201,"[0, 3]"
13023,23022,123,222,"[0, 3]"
13023,32112,03,12,"[1, 2, 3]"
13023,32112,1023,2112,[3]
13023,33021,123,321,"[0, 3]"
13031,32122,1031,2122,[3]
13032,31033,132,313,"[0, 3]"
13032,31122,032,122,"[1, 3]"
13033,32132,103,212,"[3, 3]"
13033,32132,1033,2132,[3]
13033,32132,1303,3212,[3]
13101,32202,111,222,"[0, 3]"
13101,32202,1101,2202,[3]
13101,32202,1311,3222,[0]
13103,32212,1103,2212,[3]
13111,31213,111,213,"[1, 3]"
13111,32222,1111,2222,[3]
13112,23001,1112,2001,[3]
13113,32232,111,222,"[3, 3]"
13113,32232,1113,2232,[3]
13113,32232,1311,3222,[3]
13121,21122,1321,2122,[1]
13121,23123,1321,2323,[1]
13121,32302,1121,2302,[3]
13121,33131,1321,3331,[1]
13122,23013,1122,2013,[3]
13123,32312,1,2,"[1, 2, 3, 3]"
13123,32312,13,32,"[1, 2, 3]"
13123,32312,1123,2312,[3]
13123,32312,133,332,"[1, 2]"
13131,32322,111,222,"[3, 3]"
13131,32322,1131,2322,[3]
13131,32322,1311,3222,[3]
13132,23031,112,201,"[3, 3]"
13132,23031,1132,2031,[3]
13132,23031,1312,2301,[3]
13133,32332,11,22,"[3, 3, 3]"
13133,32332,113,232,"[3, 3]"
13133,32332,1133,2332,[3]
13133,32332,131,322,"[3, 3]"
13133,32332,1313,3232,[3]
13201,33002,121,302,"[0, 3]"
13201,33002,1201,3002,[3]
13201,33002,1321,3302,[0]
13202,23103,2,3,"[0, 1, 2, 3]"
13202,23103,02,03,"[1, 2, 3]"
13202,23103,20,30,"[1, 2, 3]"
13202,23103,122,213,"[0, 3]"
13202,23103,1202,2103,[3]
13202,23103,1322,2313,[0]
13203,20202,1303,2002,[2]
13203,21201,1303,2101,[2]
13203,22302,13,22,"[0, 2, 3]"
13203,22302,130,220,"[2, 3]"
13203,33012,123,312,"[0, 3]"
13203,33012,1203,3012,[3]
13203,33012,1323,3312,[0]
13211,31221,11,21,"[1, 2, 3]"
13211,33022,1211,3022,[3]
13212,23121,12,21,"[1, 2, 3]"
13212,23121,1212,2121,[3]
13212,23121,132,231,"[1, 2]"
13213,33032,121,302,"[3, 3]"
13213,33032,1213,3032,[3]
13213,33032,1321,3302,[3]
13221,33102,12,30,"[1, 2, 3]"
13221,33102,1221,3102,[3]
13221,33102,132,330,"[1, 2]"
13222,21331,22,31,"[1, 2, 3]"
13222,23133,22,33,"[1, 2, 3]"
13222,23133,1222,2133,[3]
13223,33112,1223,3112,[3]
13231,22321,131,221,"[2, 3]"
13231,33122,1,2,"[1, 2, 3, 3]"
13231,33122,13,32,"[1, 2, 3]"
13231,33122,1231,3122,[3]
13231,33122,133,332,"[1, 2]"
13231,33223,131,323,"[2, 3]"
13232,23211,1232,2211,[3]
13233,31323,132,312,"[3, 3]"
13233,33132,123,312,"[3, 3]"
13233,33132,1233,3132,[3]
13233,33132,1323,3312,[3]
13301,23012,13,22,"[0, 1, 3]"
13301,33202,11,22,"[0, 3, 3]"
13301,33202,101,202,"[3, 3]"
13301,33202,131,322,"[0, 3]"
13301,33202,1301,3202,[3]
13301,33202,1331,3322,[0]
13302,23223,1302,2223,[3]
13303,33212,103,212,"[3, 3]"
13303,33212,1303,3212,[3]
13311,33222,111,222,"[3, 3]"
13311,33222,1311,3222,[3]
13312,23301,112,201,"[3, 3]"
13312,23301,1312,2301,[3]
13313,33232,11,22,"[3, 3, 3]"
13313,33232,113,232,"[3, 3]"
13313,33232,131,322,"[3, 3]"
13313,33232,1313,3232,[3]
13313,33232,1331,3322,[3]
13321,33302,121,302,"[3, 3]"
13321,33302,1321,3302,[3]
13322,23313,2,3,"[1, 2, 3, 3]"
13322,23313,122,213,"[3, 3]"
13322,23313,1322,2313,[3]
13323,33312,123,312,"[3, 3]"
13323,33312,1323,3312,[3]
13331,33322,11,22,"[3, 3, 3]"
13331,33322,131,322,"[3, 3]"
13331,33322,1331,3322,[3]
13332,23331,12,21,"[3, 3, 3]"
13332,23331,132,231,"[3, 3]"
13332,23331,1332,2331,[3]
13333,33332,1,2,"[3, 3, 3, 3]"
13333,33332,13,32,"[3, 3, 3]"
13333,33332,133,332,"[3, 3]"
13333,33332,1333,3332,[3]
20002,30003,22,33,"[0, 0, 0]"
20002,30003,202,303,"[0, 0]"
20002,30003,2002,3003,[0]
20011,22102,201,222,"[0, 1]"
20012,30021,2,3,"[0, 0, 1, 2]"
20012,30021,212,321,"[0, 0]"
20012,30021,20,30,"[0, 1, 2]"
20012,30021,2012,3021,[0]
20012,30021,200,300,"[1, 2]"
20022,30033,222,333,"[0, 0]"
20022,30033,2022,3033,[0]
20032,30111,2032,3111,[0]
20102,30123,2102,3123,[0]
20112,30201,2112,3201,[0]
20122,30213,22,33,"[0, 1, 2]"
20122,30213,2122,3213,[0]
20122,30213,202,303,"[1, 2]"
20123,22232,201,222,"[2, 3]"
20123,22311,203,231,"[1, 2]"
20132,30231,2,3,"[0, 1, 2, 3]"
20132,30231,02,03,"[1, 2, 3]"
20132,30231,212,321,"[0, 3]"
20132,30231,2132,3231,[0]
20132,30231,20,30,"[1, 2, 3]"
20132,30231,2012,3021,[3]
20202,21201,2002,2101,[2]
20202,30303,222,333,"[0, 0]"
20202,30303,2202,3303,[0]
20202,30303,2022,3033,[0]
20211,21202,21,22,"[0, 1, 2]"
20211,30121,21,31,"[0, 1, 2]"
20211,32103,21,33,"[0, 1, 2]"
20212,30321,22,33,"[0, 1, 2]"
20212,30321,2212,3321,[0]
20212,30321,202,303,"[1, 2]"
20222,30333,2222,3333,[0]
20233,32302,2033,3302,[2]
20301,23022,201,222,"[0, 3]"
20301,33021,201,321,"[0, 3]"
20313,21312,2013,2112,[3]
20313,22311,2013,2211,[3]
20313,30222,13,22,"[0, 2, 3]"
20313,30222,013,022,"[2, 3]"
20313,30303,2013,3003,[3]
20313,31302,2013,3102,[3]
20313,32301,2013,3201,[3]
20322,32312,2022,3212,[3]
20331,32323,2031,3223,[3]
20332,31131,2032,3111,[3]
21002,31001,202,301,"[0, 1]"
21002,31203,2102,3123,[0]
21003,33011,2103,3311,[0]
21012,31221,210,312,"[1, 2]"
21012,33022,2112,3322,[0]
21013,23212,201,222,"[1, 3]"
21021,22022,2121,2222,[0]
21021,23023,2121,2323,[0]
21021,31031,2121,3131,[0]
21021,32032,2121,3232,[0]
21021,33033,2121,3333,[0]
21103,31102,203,302,"[1, 1]"
21103,31102,2103,3102,[1]
21122,23123,2122,2323,[1]
21122,33131,2122,3331,[1]
21123,22132,21,22,"[1, 2, 3]"
21123,31213,21,31,"[1, 2, 3]"
21123,33231,21,33,"[1, 2, 3]"
21131,23112,11,12,"[1, 2, 3]"
21132,32031,2112,3201,[3]
21201,31212,2201,3212,[1]
21202,30121,22,31,"[0, 1, 2]"
21202,32103,22,33,"[0, 1, 2]"
21202,32103,202,303,"[1, 2]"
21202,32103,2122,3213,[0]
21212,32121,2,3,"[1, 1, 2, 2]"
21212,32121,212,321,"[1, 2]"
21222,23101,222,301,"[1, 2]"
21222,32133,222,333,"[1, 2]"
21233,31322,2233,3322,[1]
21301,23232,2101,2232,[3]
21303,23112,103,112,"[2, 3]"
21303,30132,23,32,"[0, 1, 3]"
21311,23123,211,223,"[1, 3]"
21311,33122,211,322,"[1, 3]"
21312,22311,2112,2211,[3]
21312,23133,312,333,"[1, 2]"
21312,30303,2112,3003,[3]
21312,31302,2112,3102,[3]
21312,32301,2112,3201,[3]
21322,32313,22,33,"[1, 2, 3]"
21322,32313,2122,3213,[3]
21323,23322,2123,2322,[3]
21323,31321,2123,3121,[3]
21331,23133,31,33,"[1, 2, 3]"
21332,32331,2,3,"[1, 2, 3, 3]"
21332,32331,212,321,"[3, 3]"
21332,32331,2132,3231,[3]
22002,33003,222,333,"[0, 0]"
22002,33003,2202,3303,[0]
22011,30012,2211,3012,[0]
22011,32013,2211,3213,[0]
22012,32011,212,311,"[0, 2]"
22012,33021,22,33,"[0, 1, 2]"
22012,33021,2212,3321,[0]
22012,33021,220,330,"[1, 2]"
22022,23023,2222,2323,[0]
22022,31031,2222,3131,[0]
22022,32032,2222,3232,[0]
22022,33033,2222,3333,[0]
22023,32202,203,302,"[2, 2]"
22033,30102,2233,3102,[0]
22113,31203,213,303,"[1, 2]"
22113,32112,213,312,"[1, 2]"
22122,33213,222,333,"[1, 2]"
22132,31213,22,31,"[1, 2, 3]"
22132,33231,22,33,"[1, 2, 3]"
22132,33231,2212,3321,[3]
22202,33303,2222,3333,[0]
22212,33321,222,333,"[1, 2]"
22231,30312,22,30,"[1, 2, 3]"
22311,30303,2211,3003,[3]
22311,31302,2211,3102,[3]
22311,32301,2211,3201,[3]
22321,33223,221,323,"[2, 3]"
23003,32031,203,231,"[0, 3]"
23022,33021,222,321,"[0, 3]"
23023,31031,2323,3131,[0]
23023,32032,23,32,"[0, 2, 3]"
23023,32032,023,032,"[2, 3]"
23023,32032,2323,3232,[0]
23023,32032,230,320,"[2, 3]"
23023,33033,2323,3333,[0]
23101,32133,301,333,"[1, 2]"
23111,31212,11,12,"[1, 2, 3]"
23122,32311,22,31,"[1, 2, 3]"
23123,33122,223,322,"[1, 3]"
23123,33131,2323,3331,[1]
23201,32222,201,222,"[2, 3]"
23322,31321,2322,3121,[3]
30012,32013,3012,3213,[0]
30121,32103,31,33,"[0, 1, 2]"
30303,31302,3003,3102,[3]
30303,32301,3003,3201,[3]
31031,32032,3131,3232,[0]
31031,33033,3131,3333,[0]
31203,32112,303,312,"[1, 2]"
31213,33231,31,33,"[1, 2, 3]"
31302,32301,3102,3201,[3]
31323,33132,123,132,"[3, 3]"
32032,33033,3232,3333,[0]
32131,32312,211,212,"[3, 3]"
